segment_id,lifecycle_stage,goal,template_id,message_title_en,message_body_en,cta_text_en,message_title_hi,message_body_hi,cta_text_hi
0,lifecycle_stage_trial,Conversion,0_lifecycle_stage_trial_T1_Seed,New Rewards,Curious about your rewards?,See,Naye Inaam,Kya aapke rewards hai?,Dekho
0,lifecycle_stage_trial,Conversion,0_lifecycle_stage_trial_T2_Tease,Coins Alert,Your coins balance is growing,Grow,Coins Alert,Aapke coins balance badh raha hai,Badhao
0,lifecycle_stage_trial,Conversion,0_lifecycle_stage_trial_T3_Anchor,Claim Now,Claim your {coins_balance} coins now,Claim,Abhi Claim Karein,Abhi apne {coins_balance} coins claim karein,Claim Karo
0,lifecycle_stage_trial,Conversion,0_lifecycle_stage_trial_T4_Welcome,Welcome Back,You're back! Check your {coins_balance} coins,Check,Swagat Hai,Aap wapas aa gaye! Apne {coins_balance} coins check karein,Check Karo
0,lifecycle_stage_trial,Conversion,0_lifecycle_stage_trial_T5_WrapUp,Daily Recap,You earned {coins_balance} coins today,Done,Aaj Ka Recap,Aaj aapne {coins_balance} coins kamaye,Ho Gaya
0,lifecycle_stage_paid,Retention,0_lifecycle_stage_paid_T1_Seed,New,What's hiding in your {feature_name}?,See,Naya,Aapke {feature_name} mein kya chupa hai?,Dekho
0,lifecycle_stage_paid,Retention,0_lifecycle_stage_paid_T2_Tease,Coins Alert,Your {coins_balance} is growing!,Grow,Coins Alert,Aapka {coins_balance} badh raha hai!,Badhao
0,lifecycle_stage_paid,Retention,0_lifecycle_stage_paid_T3_Anchor,Claim Now,Get more {coins_balance} & customize your profile!,Claim,Abhi Claim Karo,"Aur {coins_balance} kamao, apna profile customize karo!",Claim Karo
0,lifecycle_stage_paid,Retention,0_lifecycle_stage_paid_T4_Welcome,You're Back,Welcome to your {feature_name}! Check your {coins_balance}.,Go,Aap Wapas,Aapka {feature_name}! Aapka {coins_balance} dekho.,Chalo
0,lifecycle_stage_paid,Retention,0_lifecycle_stage_paid_T5_WrapUp,Daily Recap,You earned {coins_balance} today!,Done,Aaj Ka Recap,Aaj aapne {coins_balance} kamaya!,Ho Gaya
0,lifecycle_stage_inactive,Reactivation,0_lifecycle_stage_inactive_T1_Seed,Missed Coins,You're losing coins! {coins_balance} left,Get,Coins Khone Wale Ho,Aapne {coins_balance} coins khone wale ho!,Pao
0,lifecycle_stage_inactive,Reactivation,0_lifecycle_stage_inactive_T2_Tease,Coin Stash,Build your coin stash!,Go,Coin Stash Badhao,Apna coin stash badhao!,Chalo
0,lifecycle_stage_inactive,Reactivation,0_lifecycle_stage_inactive_T3_Anchor,Claim Now,Claim your {coins_balance} coins now!,Now,Abhi Claim Karo,Abhi apne {coins_balance} coins claim karo!,Abhi
0,lifecycle_stage_inactive,Reactivation,0_lifecycle_stage_inactive_T4_Welcome,You're Back,Welcome back! Your {coins_balance} coins await,Play,Aap Wapas Aaye,Aapka swagat hai! Aapke {coins_balance} coins aapke liye intezaar kar rahe hain,Shuru Karen
0,lifecycle_stage_inactive,Reactivation,0_lifecycle_stage_inactive_T5_WrapUp,Today's Gain,You gained {coins_balance} coins today!,See,Aaj Ka Labh,Aaj aapne {coins_balance} coins gain kiye!, Dekho
0,lifecycle_stage_churned,Win-back,0_lifecycle_stage_churned_T1_Seed,Missed Out,"{first_name}, what did you miss?",See,Kya Miss Kiya?,"{first_name}, kya miss kiya?",Dekho
0,lifecycle_stage_churned,Win-back,0_lifecycle_stage_churned_T2_Tease,Rewards Wait,Your {coins_balance} is waiting,Get,Rewards Ka Intezar,Aapka {coins_balance} intezaar kar raha hai,Lo
0,lifecycle_stage_churned,Win-back,0_lifecycle_stage_churned_T3_Anchor,Claim Now,Claim your {coins_balance} now,Now,Abhi Claim Karo,Abhi apna {coins_balance} claim karo,Abhi
0,lifecycle_stage_churned,Win-back,0_lifecycle_stage_churned_T4_Welcome,You're Back,"Welcome back, {first_name}! Check your {coins_balance}",Go,Aap Wapas Aa Gaye,"Aapka swagat hai, {first_name}! Apna {coins_balance} check karo",Chalo
0,lifecycle_stage_churned,Win-back,0_lifecycle_stage_churned_T5_WrapUp,Thanks for Coming Back,"Thanks for coming back, {first_name}!",Done,Wapas Aane Ke Liye Dhanyavad,"Wapas aane ke liye dhanyavad, {first_name}!",Ho Gaya
1,lifecycle_stage_trial,Conversion,1_lifecycle_stage_trial_T1_Seed,Discover More,Explore new strategies with {feature_name},Let's Go,Kuch Naya Dekho,{feature_name} ke saath naye tareeke kholein,Chalo Shuru Karein
1,lifecycle_stage_trial,Conversion,1_lifecycle_stage_trial_T2_Tease,Get Smarter,Unlock {feature_name} for smarter tools,Unlock Now,Smart Banen,{feature_name} ke smarter tools kholein,Abhi Kholein
1,lifecycle_stage_trial,Conversion,1_lifecycle_stage_trial_T3_Anchor,Unlock Your Potential,Discover new strategies with {feature_name} now,Start Now,Apna Potential Kholein,{feature_name} ke saath naye tareeke abhi kholein,Shuru Karein
1,lifecycle_stage_trial,Conversion,1_lifecycle_stage_trial_T4_Welcome,You're In,Welcome to {feature_name}! Start exploring,Explore,Aap Andar Hai,{feature_name} mein aapka swagat hai! Anveshan shuru karein,Anveshan Karein
1,lifecycle_stage_trial,Conversion,1_lifecycle_stage_trial_T5_WrapUp,Great Job,You've made progress with {feature_name} today,Done,Bahut Achha,Aapne aaj {feature_name} ke saath pragati ki,Ho Gaya
1,lifecycle_stage_paid,Retention,1_lifecycle_stage_paid_T1_Seed,New Tools Inside,Discover smarter ways to learn with {feature_name},Explore,Naye Tools Andr,{feature_name} ke saath naye tareeke se seekhein,Jaankaari
1,lifecycle_stage_paid,Retention,1_lifecycle_stage_paid_T2_Tease,Unlock Your Potential,Get ready to supercharge your learning with {feature_name},Let's Go,Apna Potential Jagao,{feature_name} ke saath apne seekhne ki shamta badhayein,Chalo Shuru Karein
1,lifecycle_stage_paid,Retention,1_lifecycle_stage_paid_T3_Anchor,Your AI Tutor Awaits,Start learning with {feature_name} now and earn {coins_balance} coins,Start Now,Aapka AI Tutor Intezar Kar Raha Hai,Abhi {feature_name} ke saath seekhein aur {coins_balance} coins kamaein,Abhi Shuru Karein
1,lifecycle_stage_paid,Retention,1_lifecycle_stage_paid_T4_Welcome,You're Back!,"Welcome back, {first_name}! Your current streak is {streak_current}",Let's Learn,Aap Wapas Aa Gaye!,"Swagat hai, {first_name}! Aapka current streak hai {streak_current}",Seekhne Chalo
1,lifecycle_stage_paid,Retention,1_lifecycle_stage_paid_T5_WrapUp,Today's Progress,You've made great progress today with {feature_name},Review,Aaj Ka Pragati,Aapne aaj {feature_name} ke saath acchi pragati ki hai,Jaanch Karein
1,lifecycle_stage_inactive,Reactivation,1_lifecycle_stage_inactive_T1_Seed,New Tricks,Discover smarter tools {first_name}!,Explore,Kya Hai Naya?,Smarter tools try karo {first_name}!,Dekho
1,lifecycle_stage_inactive,Reactivation,1_lifecycle_stage_inactive_T2_Tease,Unlock More,Get ahead with {feature_name}!,Unlock,Aur Kuch?,{feature_name} se aage badho!,Kholo
1,lifecycle_stage_inactive,Reactivation,1_lifecycle_stage_inactive_T3_Anchor,Rejoin Now,Your streak {streak_current} awaits!,Go,Wapas Aao,Aapka streak {streak_current} wait kar raha hai!,Chalo
1,lifecycle_stage_inactive,Reactivation,1_lifecycle_stage_inactive_T4_Welcome,You're Back,{coins_balance} coins await!,Play,Aap Wapas,{coins_balance} coins aapke liye!,Khelo
1,lifecycle_stage_inactive,Reactivation,1_lifecycle_stage_inactive_T5_WrapUp,Today's Gain,You gained today!,Done,Aaj Ka Labh,Aaj aapne kya seekha!,Ho Gaya
1,lifecycle_stage_churned,Win-back,1_lifecycle_stage_churned_T1_Seed,New Strategy,Discover new ways to learn with {feature_name},Explore,Naya Tareeka,"{first_name}, {feature_name} ke naye tareeke seekho",Jaanne ke liye
1,lifecycle_stage_churned,Win-back,1_lifecycle_stage_churned_T2_Tease,Unlock Tools,Get ready to unlock smarter tools with {feature_name},Unlock,Tools Unlock Karein,"{first_name}, {feature_name} ke smarter tools ko unlock karein",Kholein
1,lifecycle_stage_churned,Win-back,1_lifecycle_stage_churned_T3_Anchor,Your Edge,Validate your unique approach with {feature_name} now,Go,Aapka Edge,"{first_name}, {feature_name} ke saath apna unique approach validate karein",Chalo
1,lifecycle_stage_churned,Win-back,1_lifecycle_stage_churned_T4_Welcome,You're Back,Welcome back! Start with {feature_name} now,Start,Aap Wapas Aaye,"{first_name}, swagat hai! {feature_name} ke saath shuru karein",Shuru Karein
1,lifecycle_stage_churned,Win-back,1_lifecycle_stage_churned_T5_WrapUp,Today's Gain,You learned something new with {feature_name} today,Done,Aaj Ka Labh,"{first_name}, aaj {feature_name} ke saath kuch naya seekha",Ho Gaya
2,lifecycle_stage_trial,Conversion,2_lifecycle_stage_trial_T1_Seed,New Challenge,Discover what's new in {feature_name},Explore,Kya Hai Naya?,{feature_name} mein kya hai naya?,Jaanein
2,lifecycle_stage_trial,Conversion,2_lifecycle_stage_trial_T2_Tease,Get Ready,Your {streak_current} streak is on fire,Let's Go,Taiyaar Ho Jaao,Aapka {streak_current} streak jal raha hai,Chalo Shuru Karein
2,lifecycle_stage_trial,Conversion,2_lifecycle_stage_trial_T3_Anchor,Level Up,Master {feature_name} & earn {coins_balance} coins,Play Now,Level Badhaein,{feature_name} mein master banen aur {coins_balance} coins kamaen,Abhi Khelien
2,lifecycle_stage_trial,Conversion,2_lifecycle_stage_trial_T4_Welcome,You're In,"Welcome back, {first_name}! Check your {streak_current} streak",View,Aap Andar Hain,"Swagat hai, {first_name}! Aapka {streak_current} streak dekhein",Dekhein
2,lifecycle_stage_trial,Conversion,2_lifecycle_stage_trial_T5_WrapUp,Daily Recap,You learned something new today in {feature_name},Done,Din Bhar Ka Recap,Aaj aapne {feature_name} mein kuch naya seekha,Ho Gaya
2,lifecycle_stage_paid,Retention,2_lifecycle_stage_paid_T1_Seed,New Skill,"Discover new skills, {first_name}!",Explore,Naya Skill,"Naye skills ko discover karo, {first_name}!",Dekho
2,lifecycle_stage_paid,Retention,2_lifecycle_stage_paid_T2_Tease,Get Ready,"Your next session is near, {first_name}!",Let's Go,Taiyaar Ho,"Aapki agli session near hai, {first_name}!",Chalo
2,lifecycle_stage_paid,Retention,2_lifecycle_stage_paid_T3_Anchor,Level Up,"Level up with {streak_current} sessions, {first_name}!",Now,Level Up,"{streak_current} sessions ke saath level up karo, {first_name}!",Abhi
2,lifecycle_stage_paid,Retention,2_lifecycle_stage_paid_T4_Welcome,You're Back,"Welcome back, {first_name}! Earn {coins_balance} coins",Play,Aap Wapas,"Wapas aaye, {first_name}! {coins_balance} coins kamao",Khelo
2,lifecycle_stage_paid,Retention,2_lifecycle_stage_paid_T5_WrapUp,Daily Recap,"You mastered {feature_name} today, {first_name}!",Done,Daily Recap,"Aaj {feature_name} master kiya, {first_name}!",Ho Gaya
2,lifecycle_stage_inactive,Reactivation,2_lifecycle_stage_inactive_T1_Seed,Unlock Skills,Discover what you can achieve with {feature_name},Explore,Kya Tum Jaante,{feature_name} ke saath kya achieve kar sakte ho?,Jaanne ke liye
2,lifecycle_stage_inactive,Reactivation,2_lifecycle_stage_inactive_T2_Tease,Get Ahead,Level up with {streak_current} streak,Now,Aage Badho,{streak_current} streak ke saath aage badho,Abhi
2,lifecycle_stage_inactive,Reactivation,2_lifecycle_stage_inactive_T3_Anchor,Reclaim Top,Master {feature_name} & win {coins_balance} coins,Go,Top Par Wapas,{feature_name} master karo aur {coins_balance} coins jeeto,Chalo
2,lifecycle_stage_inactive,Reactivation,2_lifecycle_stage_inactive_T4_Welcome,You're Back,Resume your {streak_current} day streak,Let's Go,Welcome Back,{streak_current} din ka streak jari rakho,Shuru Karein
2,lifecycle_stage_inactive,Reactivation,2_lifecycle_stage_inactive_T5_WrapUp,Today's Gain,You've got {coins_balance} coins today,See,Aaj Ka Labh,Aaj {coins_balance} coins mile,Dekho
2,lifecycle_stage_churned,Win-back,2_lifecycle_stage_churned_T1_Seed,New Challenge,"{first_name}, what can you achieve in {feature_name}?",Explore,Naya Challenge,"{first_name}, aap {feature_name} mein kya achieve kar sakte hain?",Jaankaari
2,lifecycle_stage_churned,Win-back,2_lifecycle_stage_churned_T2_Tease,Get Ready,Your {streak_current} day streak is waiting in {feature_name},Go,Taiyaar Hojao,Aapka {streak_current} din ka streak {feature_name} mein intezaar kar raha hai,Chalo
2,lifecycle_stage_churned,Win-back,2_lifecycle_stage_churned_T3_Anchor,Level Up,"{first_name}, master {feature_name} and earn {coins_balance} coins",Play,Level Up,"{first_name}, {feature_name} mein master banen aur {coins_balance} coins jeeten",Khelen
2,lifecycle_stage_churned,Win-back,2_lifecycle_stage_churned_T4_Welcome,You're Back,Welcome back to {feature_name}! Your progress is waiting,Next,Aap Wapas,{feature_name} mein swagat hai! Aapka progress intezaar kar raha hai,Aage
2,lifecycle_stage_churned,Win-back,2_lifecycle_stage_churned_T5_WrapUp,Day Recap,You made progress in {feature_name} today!,Done,Din Ka Recap,Aapne aaj {feature_name} mein progress kiya!,Poori
